{"train_loss": 9555.478983561197, "train_L1Loss": 9555.478983561197, "train_psnr": 25.070754304152985, "lr": 0.00010065449379673517, "train_FloatLoss": 0.0, "test_loss": 237699.16753472222, "test_psnr": 25.354399471477308, "_timestamp": 1670234530, "_runtime": 195, "_step": 4}